{
  "Decision Tree": {
    "Accuracy": 0.5559174809989142,
    "Recall": 0.5559174809989142,
    "F1-Score": 0.5654275160385546,
    "Precision": 0.5815610184392183,
    "FAR": 0.04986295096158837,
    "Latency_ms": 0.0013593224309036969
  },
  "XGBoost": {
    "Accuracy": 0.5906623235613464,
    "Recall": 0.5906623235613464,
    "F1-Score": 0.5962889363427892,
    "Precision": 0.6148027312719769,
    "FAR": 0.04595768206659677,
    "Latency_ms": 0.009031430388377103
  },
  "Gated Image-Tabular Fusion": {
    "Accuracy": 0.3485342019543974,
    "Recall": 0.3485342019543974,
    "F1-Score": 0.26538214105288893,
    "Precision": 0.2584324899703637,
    "FAR": 0.07314425470892753,
    "Latency_ms": 0.5160685341469499
  },
  "Random Forest": {
    "Accuracy": 0.5526601520086862,
    "Recall": 0.5526601520086862,
    "F1-Score": 0.5528201453492472,
    "Precision": 0.5632809931487766,
    "FAR": 0.05022881984842921,
    "Latency_ms": 0.045798112204486464
  },
  "LightGBM": {
    "Accuracy": 0.5874049945711184,
    "Recall": 0.5874049945711184,
    "F1-Score": 0.5923491895564161,
    "Precision": 0.6078057605303793,
    "FAR": 0.0463272543050538,
    "Latency_ms": 0.01546484898537171
  },
  "Late Fusion Ensemble": {
    "Accuracy": 0.6004343105320304,
    "Recall": 0.6004343105320304,
    "F1-Score": 0.601442022697811,
    "Precision": 0.6400550931440288,
    "FAR": 0.04484464755613359,
    "Latency_ms": 0.5405648135206986
  }
}