{
  "Decision Tree": {
    "Accuracy": 0.9330049261083744,
    "Recall": 0.9330049261083744,
    "F1-Score": 0.9326217958425095,
    "Precision": 0.933303357530247,
    "FAR": 0.00744128388353326,
    "Latency_ms": 0.0003250948901246921
  },
  "XGBoost": {
    "Accuracy": 0.9566502463054187,
    "Recall": 0.9566502463054187,
    "F1-Score": 0.9570414514372118,
    "Precision": 0.9584652590276962,
    "FAR": 0.004811510850755035,
    "Latency_ms": 0.013845190038821968
  },
  "Gated Image-Tabular Fusion": {
    "Accuracy": 0.6788177339901478,
    "Recall": 0.6788177339901478,
    "F1-Score": 0.6459019083134585,
    "Precision": 0.7580932570885665,
    "FAR": 0.03570840609437659,
    "Latency_ms": 0.35878825070235526
  },
  "Random Forest": {
    "Accuracy": 0.9458128078817734,
    "Recall": 0.9458128078817734,
    "F1-Score": 0.9462809966769413,
    "Precision": 0.9483779439962693,
    "FAR": 0.006017046263211053,
    "Latency_ms": 0.039668858344918984
  },
  "LightGBM": {
    "Accuracy": 0.9576354679802955,
    "Recall": 0.9576354679802955,
    "F1-Score": 0.9580206102966504,
    "Precision": 0.9594992220063842,
    "FAR": 0.004702937367769046,
    "Latency_ms": 0.019430526958897784
  },
  "Late Fusion Ensemble": {
    "Accuracy": 0.9596059113300492,
    "Recall": 0.9596059113300492,
    "F1-Score": 0.9600474901332242,
    "Precision": 0.9618022784241818,
    "FAR": 0.004483401283490193,
    "Latency_ms": 0.392063967700075
  }
}