{
  "Decision Tree": {
    "Accuracy": 0.967741935483871,
    "Recall": 0.967741935483871,
    "F1-Score": 0.9658697027197977,
    "Precision": 0.9647040400876918,
    "FAR": 0.009620163080798733,
    "Latency_ms": 0.0016389354582755796
  },
  "XGBoost": {
    "Accuracy": 0.9870967741935484,
    "Recall": 0.9870967741935484,
    "F1-Score": 0.9854918163038295,
    "Precision": 0.9839336047604135,
    "FAR": 0.003846198296814295,
    "Latency_ms": 0.013297603976341986
  },
  "Gated Image-Tabular Fusion": {
    "Accuracy": 0.9,
    "Recall": 0.9,
    "F1-Score": 0.8962093219493393,
    "Precision": 0.9054724452796997,
    "FAR": 0.029859188610610977,
    "Latency_ms": 0.6230323545394405
  },
  "Random Forest": {
    "Accuracy": 0.9903225806451613,
    "Recall": 0.9903225806451613,
    "F1-Score": 0.9887176227554425,
    "Precision": 0.9871283997469955,
    "FAR": 0.002884659835322061,
    "Latency_ms": 0.12062826464253087
  },
  "LightGBM": {
    "Accuracy": 0.9870967741935484,
    "Recall": 0.9870967741935484,
    "F1-Score": 0.9854913557046361,
    "Precision": 0.983932689357098,
    "FAR": 0.0038508434101546126,
    "Latency_ms": 0.02354191195580267
  },
  "Late Fusion Ensemble": {
    "Accuracy": 0.9903225806451613,
    "Recall": 0.9903225806451613,
    "F1-Score": 0.9887176227554425,
    "Precision": 0.9871283997469955,
    "FAR": 0.002884659835322061,
    "Latency_ms": 0.6598718704715851
  }
}